offup,f056ebe5-f54e-4cf0-9fa1-c8a17673d5e4
sivrocksyt,bf026953-b0d7-4067-980e-4bf3d47d4ec7
7304b954_4fa5_4980_b63d_437e7d653e9e,eb209274-af99-3d04-87fe-c1a4d72876dd
ville00ursvik,7a1df304-fe0c-4ee9-9a4b-ec90f609639d
nixka,ee80afdd-6560-42d0-9d62-13d5239e4c59
nowlbowl420,032147a3-8f7a-4a9a-8ae3-dcee2d6678cc
straight14,0652bd2e-f25c-40ae-ae21-c8d358044955
swijy,36a96475-93eb-431d-9454-858c0289ac00
31205a2f_bd08_43c5_8db8_4affb29ffe38,c29843a5-8216-3526-8c45-92d068518ff0
xmakex,d02bbecb-310d-4d4f-a91e-547790af0466
brightwarp,a6b5a1a4-525c-4174-a386-b4f6943ad3a8
deadandalive,e8fee337-75cc-4d73-9c25-0d710ebd41fd
pash06,480edc4b-90fc-42af-a458-fe701e4b22c3
captain_d88,ba4a0851-3ee4-4985-beb5-06a86eca4d8c
creeperz585,d91918a4-49d0-4615-b6a5-2dae429a5e77
8283ee29_162f_45f6_9509_6399934e9637,ab1abb48-336e-341d-9713-1175ef15d20c
mragentkarp,95d303e9-cf5f-460f-9aca-7909af24e63c
faction_12,14fc6d1c-3efc-3a5a-8b59-00c990d4ddc6
faction_13,2c981e26-5525-325d-a32b-6302b878845d
shortstudent,b5515a19-8747-4e1d-9622-45166c4aeab9
7a1df304_fe0c_4ee9_9a4b_ec90f609639d,3c976b70-f12a-3424-bcd2-30d9a7249cf7
faction_14,c4785120-1a22-3427-81af-807021516fe5
faction_10,74cdf919-0dd8-3d4e-84c4-fc970fc6b050
faction_11,037c674d-791b-33d1-9fe8-86f9ee3d4047
faction_16,f234a59e-971a-3072-8502-b62b14e20287
faction_17,99c6ed5f-89d7-3cbb-8250-238ab8f3889e
faction_18,218fd0c0-a0d7-30a1-8a01-58d42e2cbffa
faction_19,65d91108-c5c7-3ba3-8ba4-7e7059a1e469
kawaiipile,83e75585-474d-471a-bace-0461a709668b
robbiethe40,5b59d6b8-cc83-4915-b508-c8d8c63d43e9
minibording,cef5df67-96c9-415d-b02e-3473a59ed509
829d47c7_0191_4381_9375_6947282a3fe8,1281cf87-b450-37f9-8674-6c04953bc10e
dirtymind,e6e1c15b-96c1-4b6a-88fe-f807871fd229
faction_23,683d5c93-79b1-34be-8ae5-66d24a5b3f5f
invisiblegod,c2fef9a9-ba69-4f2b-8773-1ad9c442dcb6
faction_24,2f54bd1e-bc22-387f-b193-f3e3d78812f6
faction_25,05a15c64-a4fe-3ffb-a5e0-0804ebae0638
faction_26,926af6ee-a7f1-3e78-9951-47c6b3620742
faction_20,42abb397-a73c-3831-8d05-3295d8e3e141
exterminatorphil,16f744d3-91b9-4d97-8c1c-84bc1352b01d
faction_22,c341dfb9-559f-354b-b767-32f446d1da97
c149e406_96e8_4b88_8afc_5a88ea76ac5a,e43ba4e7-06dc-340b-88b4-38797c4e0db1
faction_8,7571b600-d590-3d7a-8c2d-6fa5c653667d
fishigames,e0251b43-351c-4318-a742-aa350627df60
xxfatsoulasxx,ca540ef8-0341-45c4-806c-803edb90b0d8
chrisragu,72ef52a6-1fa6-49af-afaa-a586a0550b10
faction_9,edf50043-9670-3283-bb93-587bd86ddf09
faction_27,643efd0a-80b9-3e18-8d6a-ece64a242570
0r_,dbbae5af-7c7b-444f-ba7d-7c52cbc3868e
faction_28,ad1d01df-ff3d-3920-9134-88ed280395ed
spudgamer168,7ae6bba7-1d43-4bb4-81c4-970965996227
imtheyoshie,9fa65b26-afcb-443f-9f8b-ba940c25f793
datisml,7df7831d-66cb-4f36-a0a5-fff16e5229cd
0o0_bacon_0o0,78fadd83-41bc-4faa-8ea7-bdce4e9bd218
kelp,23c9421d-02dc-40c9-a63a-35e4fb815c42
hugelock,4147ac62-9297-44c0-94fd-dbae95b424c9
sirelbow420,694565c1-1aca-4a47-8679-6acbc4f975eb
b4ca945b_6e28_4a67_8274_40b4bb85185b,15219fdb-0d8a-3593-ac30-32bc77c05a3a
iz1ck,55b46ea7-20f1-4201-b433-8a450b2c2219
bee769f2_7858_4928_8bb2_bc6ee2f63608,76b091be-29a5-34e2-a669-e7a044fc7630
rencalcifer,5c6c3768-d852-4b93-add4-07e5422fcfdc
4a0945cb_9c27_48ee_bc5f_2fb54911f4a4,2d67515d-e1f9-3eb1-ac01-e2f20efff1d0
7e497370_7197_4251_abc9_e3c3285c4abb,a401cb15-74c7-31de-897a-dd236a0ae820
bf30e082_2825_4789_bd74_2a0680e90514,9588e518-66f4-308e-8586-e1468d19909b
deathbycow,c149e406-96e8-4b88-8afc-5a88ea76ac5a
shadowsnipers,a7280af8-332e-46b2-9121-11456aac0293
feorge,e45e3eef-2f92-4929-9828-c749272cd28e
xxmine_stepxx,4a3a0442-dba6-4eda-8ad1-3db6d5a57c07
a80c045b_319b_43da_ab51_074db43e4082,66b994ce-e45d-398a-8f52-1f9c8c2f3b75
doctorhaddock,b2a3aead-4b57-4573-b4cd-1679f3361757
iii_dalton_iii,20535d3b-36fc-4446-98eb-81a0957a5c7a
0342c114_6b7d_415b_98d2_15eda92e3608,f50fd3d8-4a65-3818-a0a9-500220fac6e3
s1v1g3,75dd60a2-05bf-481d-9c22-8873dfb5720d
virtualchocolate,7e497370-7197-4251-abc9-e3c3285c4abb
f5ac40cf_b3eb_4d3f_bb82_a524341b4f29,17d5e7ca-f298-33d6-ac1a-f9346a38a4c7
skeletonking7,bf30e082-2825-4789-bd74-2a0680e90514
hijackw,a084aaec-145d-454a-8bfe-50338278a0e4
6a0a2ffa_1371_4bb3_96c4_e3cf961433c8,30ad367d-bd3b-3467-ba50-424fc9faae8b
karnx,63c55276-0fca-425e-ad25-285cf3bdef49
thatguygilby,1e82b1c0-9315-4441-bfff-14dd34c662e1
ylylheehee,f368296e-53fa-4a02-be31-108e5d0e5935
3fd9a2ba_b8d7_4762_98a4_bdebf0a98ae2,d72470ac-397d-36d2-b59d-5110e6dd52ae
swuzzyduz,8af3dd17-ab5a-4ba5-a9e9-8c6d9f0ea15b
pepa_poutana,06cb92e2-3505-480b-894d-c8c75e9e33c5
fritoe3_0,9593ef99-a0f0-4b98-9778-47b4b6ef5c65
cjmr9,c9832e0a-2926-415f-b5ef-3ca67a947598
vesno,0342c114-6b7d-415b-98d2-15eda92e3608
sueable,0d3079dc-9144-462c-9b3d-15e19e91f1a8
supercrafty640,0bac8d21-36f5-4642-b140-3edeefa575f7
thirstyblood,6a050e2b-1c76-42b9-b014-75f699145bc7
911f501f_3437_47df_a4d9_5793942dea95,296eac81-be38-3bbc-a5e3-f4f414b8fc69
36a96475_93eb_431d_9454_858c0289ac00,6448c20f-7cb3-3842-a593-e41ba3827f55
realnoncie,829d47c7-0191-4381-9375-6947282a3fe8
waantaan,f3eee7bf-e6d6-46f7-84bd-bcd0cf7dcabb
11533efb_b730_4784_89e6_4d1c8a01b094,f1d677ac-e7da-319d-a128-44e9b05039ba
_slqrdex,59f9e140-daf6-4fd2-99c4-451ce4269ad0
toyed,aa8ff086-11b6-47da-aff5-c3da86e9e627
1be7b794_3b4a_406d_99f7_b20a9f6217b2,c213bea9-a47c-3a92-a2f1-f6605f6f7f04
8718bd46_fb3c_427f_93a9_4d8d1ed4811b,503fc71e-3533-3c44-8738-5d6e5ab2d0bb
1e82b1c0_9315_4441_bfff_14dd34c662e1,5cc223f9-0971-352c-8026-9a2e3f180b47
83534e62_ce66_49d2_82fa_85ecb768c4e1,da6a232c-6ab0-3390-9290-f7c7bb726405
694565c1_1aca_4a47_8679_6acbc4f975eb,68f029bb-31a8-3178-b034-fd49386bfbb9
mrjefrey1,911f501f-3437-47df-a4d9-5793942dea95
_im_dirty_dan_,6a59118d-fb77-4c1a-8fd6-6f1fc9ca7816
doyoulikemyhacks,968d05f6-f923-4733-93f0-51670170261e
attomic_,2c2f5e4b-54e7-48a1-8462-d78fc002e6ac
xxslimy4444xx,11533efb-b730-4784-89e6-4d1c8a01b094
26d26eff_e072_493e_8c26_9c90c2bcf722,884f82e8-955e-386f-b5a2-9f2733e08553
kyuurisergal,6b663eef-14ec-4c84-b3cb-5e30b0b2e308
cooledice,35e3311f-703e-4cbb-af25-c9afb0e3ed8d
einemdoenerhd,c54e5035-2cc7-4070-a282-51c378078963
xderpyally,37971b0c-9fcc-443b-8e50-7e6e384de47d
jeeb,6e108660-0f1c-4113-ab71-135fce305dec
mackie4,94e7e520-235d-4910-8d13-011c8491e089
5imply,6042615a-5b15-4712-ba31-32a8b0a92f74
ee34f0e1_75dc_4473_ac6d_9d68824acca2,03fcd6f2-ab61-374f-affc-9fc9e5db36e3
purple_key,bee769f2-7858-4928-8bb2-bc6ee2f63608
shadowlich314,972daa4f-1bbf-4d13-b4e1-d9e7bf693e19
ibx02,c49e104c-5e42-435f-afc4-0838e1088d1b
neapo,a13f5ee1-5b93-48a2-9bd0-de03efe1d08d
cosmopolismax,9bfbde5e-7106-4cb0-8933-3877cab5bd74
sogukta,af8fc9fb-ee16-47e4-ab7c-881866aca725
sparrowbird,c3720e95-014c-428f-bedb-91d0f86cba0f
grap3vin3,ee0ec71a-836b-4505-ba4d-70e37d2e98cb
royallucky,9522a8b2-39ab-43d2-9420-e4dad82cb905
plumporange,c9c83234-4eba-4c36-866d-d5edd9dfcbc8
480edc4b_90fc_42af_a458_fe701e4b22c3,559e6eae-e473-374f-a8c3-6c55f2085fc4
ytstrawberrydude,31205a2f-bd08-43c5-8db8-4affb29ffe38
2tapped,57fabe74-2d1a-43f1-a2c6-332c3c21dba2
eem1r,160eb1c4-ddbd-4827-ac8a-8a18c939cf76
danielabc123,0ffd1345-4739-46b0-a654-b220d4484d77
h1hamster,cc0877c3-5c57-4406-a088-be1a3e936aa6
bluenami,6a0a2ffa-1371-4bb3-96c4-e3cf961433c8
puppyg,233fce6e-488d-4f47-a37f-52867206033c
mooeena,25470e37-08d7-48f8-af90-3e01325407ad
dubblesnup,81373bd8-0b5e-42f2-8243-d2f4fe952f55
watikita,1869e704-8b76-4bfb-bdab-447c629e83f2
6013a927_12b3_48e2_8250_c895df8d464e,af82b810-9afa-3354-b416-3d6490ab2f22
nichaa_c,ea0d344b-7e3f-411b-adca-cf4187b071ae
chlckennugget,51aa1578-f7b5-462a-a72f-e9e6989cceab
blueback96,3fd9a2ba-b8d7-4762-98a4-bdebf0a98ae2
5d729836_7a53_4e45_a2b0_c2d5a7449e82,3d366f5a-35a2-351a-bdb0-cbdd44531b3f
styleless,15285d04-02fb-4e47-bc00-351fe49cf913
kqrea,c26ebbf9-ce77-4c81-a2d2-bcdf9b5f77e1
f3eee7bf_e6d6_46f7_84bd_bcd0cf7dcabb,f9ca0ed5-0670-3f6a-b37a-ab03f714a740
2c2f5e4b_54e7_48a1_8462_d78fc002e6ac,536af9d4-e404-35a7-a22e-cadf14b78603
moldypizza2,8718bd46-fb3c-427f-93a9-4d8d1ed4811b
levitate2,26d26eff-e072-493e-8c26-9c90c2bcf722
pvpingexe,23f54e58-e82c-4b33-bbb1-c9a2c4bb237b
greenrain55,2cb5c60f-2b9e-4b67-87ca-370f4e62b45c
jaspor633,4a0945cb-9c27-48ee-bc5f-2fb54911f4a4
aj4life,9fdedbe5-2fd0-418a-8703-7dfc4ab4dbb0
9593ef99_a0f0_4b98_9778_47b4b6ef5c65,f90ce81e-ffde-3995-82bf-33a1beda9028
azift,8283ee29-162f-45f6-9509-6399934e9637
verixo_,e84e76ae-421e-450e-b23f-5e8ea7de6522
160eb1c4_ddbd_4827_ac8a_8a18c939cf76,9109f30f-92da-3416-af2e-e227ac38221c
skyworder,5d729836-7a53-4e45-a2b0-c2d5a7449e82
16f744d3_91b9_4d97_8c1c_84bc1352b01d,ee38edbd-c844-3b40-b2d0-3a298021a9d4
shadesunicorn,65be9fe9-97ae-4bd8-90f8-5976aac4eb05
liquidcapt,c6d263d7-b883-43a8-833d-6c14c0ece047
goidzillasman,974c2fdb-56eb-4a1d-9aca-d12778f873f2
kyr0maniac,122f82d6-26f0-4dbb-a2d6-cb184db61653
hand_skorpyt,c3f90527-4338-4bd3-9649-4fc9a6945d0d
pokhokho,14a6a20d-924d-4f63-8638-3f7125faafaa
freegodset,47390976-8992-49d0-96c3-1ed1414a6585
122f82d6_26f0_4dbb_a2d6_cb184db61653,bef0f930-24d2-33f9-8c94-9bce311b421d
c49e104c_5e42_435f_afc4_0838e1088d1b,b2aaf3b0-8d31-3e5e-b7e0-496c78e443d0
9bfbde5e_7106_4cb0_8933_3877cab5bd74,0ef57546-4c7c-3b2c-9295-83aaef42af9a
comboa,a16f2b39-5eba-4fbb-814d-0ace928d3c62
subxplorer,2087afce-8cbd-4a64-a1a7-6d0f861c79fb
marbleplane2873,01855a38-ea71-4f83-9408-90236829460b
oofgg,1e5c2b2e-57bc-4711-a124-84feba75b483
robin10thepro,1be7b794-3b4a-406d-99f7-b20a9f6217b2
thegreekgoat,79be2688-b60f-47ac-91b7-81ee751ba744
king_of_things,f5ac40cf-b3eb-4d3f-bb82-a524341b4f29
3rdgradeteacher,f4c0c16f-81b1-41b7-9364-3a5ab8603f0c
vlexgod,83534e62-ce66-49d2-82fa-85ecb768c4e1
thedungeonmaster,58f05264-67d4-47b2-b320-6a60b0ede0c9
petarkick,ea27b547-bcbb-4b55-8782-d709e945dc0b
flyinghoe,a80c045b-319b-43da-ab51-074db43e4082
nebego,761bf607-ec61-4764-a443-eb2c96243b1b
rocky_wynter,6e7fc205-e94c-4ae0-83fb-59293c67d45a
4ca18f91_eaf1_4d26_aad6_7a034488375f,2e5def65-5c65-3c77-8991-f092f6484dd2
prononce,f2021136-02c5-471c-9e4e-4d89a8399194
globalmario,7304b954-4fa5-4980-b63d-437e7d653e9e
forbiddenjosh_,b5724238-4516-48a3-a66f-b46b92243e5d
23f54e58_e82c_4b33_bbb1_c9a2c4bb237b,6470c184-d202-3b53-bfa6-dfadf387fad9
rootedz,4365b705-c1cb-4053-984c-7c867041fa51
toopoorjulie,689cfce0-5b78-4c2c-98ad-25de3ceb19ea
amc33,3dc713b1-6a75-40f1-b2c8-e6268b857792
jawwsplays,6013a927-12b3-48e2-8250-c895df8d464e
nokiaphone,799e76fa-ce96-4949-be3c-99ce7e3d553d
7df7831d_66cb_4f36_a0a5_fff16e5229cd,c0b3335c-add8-3151-aeeb-bf3b043fa583
baconlove,4ca18f91-eaf1-4d26-aad6-7a034488375f
thomas9002,f168a878-b9e8-4577-b17e-0c3bc252cc3d
9fdedbe5_2fd0_418a_8703_7dfc4ab4dbb0,b3c32aad-35a6-39a4-a2f7-f2e096df289d
saucyyy,ee34f0e1-75dc-4473-ac6d-9d68824acca2
ivn_squadin,2978ed6b-866f-456e-8b81-9240663b5a7f
thealmightypleb,b4ca945b-6e28-4a67-8274-40b4bb85185b
75dd60a2_05bf_481d_9c22_8873dfb5720d,8c32edb9-e5b2-3957-8f9b-fccd18a26550
e45e3eef_2f92_4929_9828_c749272cd28e,c0af76da-8046-30df-8cc6-39db702f4804
