captainwaffles42,b26b73e7-fe89-4ad0-8f03-9abc416696ca
nyfitsa,eab3b723-4230-4ec4-8082-eed604008d82
pulse0101,2a4ba908-29af-4f96-88fd-262e5fcdd760
snounoufight,de415598-a181-4b45-a592-831e2ed817cc
eyo_zen,8f5f888b-834f-43b2-ae51-ccb7299eedf0
luxtipicalgaming,8e6b3018-2015-4370-aa56-259d8be0b162
nicksytgrips_yt,d6d5cd54-b71d-48e0-ad4e-b94ce8fc9d8b
omegablazex,f1727edb-b32d-4c7f-a20e-1de291f756a6
vachooooowwwwwww,e3e9c6fd-d1a2-4416-8704-9081913311c9
xzakapvp,8352889c-8e66-4562-b86f-a0e6f3277427
crithax,ab82070e-a163-441d-8039-c4cb00ce9a78
iireactionzii,16cf2198-f899-4fda-b8fc-ce248a8ba25c
oojess,69b89dd0-833f-40bc-9e19-9a40e6ae3bd6
johnrich1372,3996a29d-b13a-4c8d-9b3f-4286b886f51d
xquackie,f6c957ce-86fa-456a-86da-88ccc95a3ee1
playingogc,f9667129-c650-47fd-a6e2-d73f8afe5496
urbiggestproblem,92cca984-80bb-4d94-8671-a85cf581718a
panskii,47271123-4071-4b99-a581-6ac537f62d06
jeon_bae,9677a48d-33bb-47b9-841c-64bd5fd6d77e
pokerule1,2344a07e-cd90-4d02-add4-b2c764e9b09f
kiierann1,3f8216c6-be95-4c46-bb42-cd531703d337
nicholsjohn,e754c0a0-b370-4a6b-a249-0706c3483d33
terrifictyrone,436b4238-e3c9-44cf-86f0-98f0eda77a43
iabood69,7a6dd7c3-57b8-47cc-bf99-8659688a7a75
zag,05a53901-a47f-45ef-ad69-1f81d72282fb
goldenhawkeye,c0d9500b-3291-463f-a410-dd5aa4c547c1
m8sonrus,9e6127f9-f175-4ed2-ac89-45fbe6a0ad35
mielmathers,66835b8a-a4d5-4d16-a113-6e53a9eb8211
moonsheek,009218a6-e576-4c13-b11c-996280afa281
creeperz585,d91918a4-49d0-4615-b6a5-2dae429a5e77
jeeb,6e108660-0f1c-4113-ab71-135fce305dec
mangosecurity,14731e5d-de0c-44b2-8139-2cc2e8a74c02
skiing2047,b1d58f7b-6ec9-4256-8df0-892d1f588143
loupiquealt,26efdfd7-c94b-416b-bd50-163257c0722c
otis69,e23d0e0d-71cf-4d56-9fd7-ca95256d31d9
flyguy5112,57dbbc18-7319-495b-98af-afe3b438e748
psyphi_,03bc1b82-49fc-40c2-b478-d7c4019e2934
vomet,b4da24a9-ad60-4051-be28-d38dd3e30ed6
battle_heart,77d89523-0e7c-4ace-adca-253f4f9692de
itz_nelson,fe67938d-9c7e-4525-be1a-5dc9563a631a
mate,9771063c-bd7c-4118-bed1-ed176dc7822c
mcfaps,a7b5f1ca-19ef-4a14-b449-5b159fc4b786
iwasted,05bf1daa-31bf-41d9-9c81-1dcc4e3fe0e2
kallinx,0eb9e4f1-41fa-49a2-9413-f20c4fb96e7c
oldwallaby,6b5a0ebb-4381-4c36-8575-a55258816961
randomized,9e517249-d0ed-44f2-a41d-7cad1f08ee4d
bossburger321,d13ea118-ed4d-4dcb-bd6d-ec29610283bd
thegingernonce,5e3a3978-ef66-498f-a7f7-0212f86e0510
zwisscheeze,42832eed-3ee6-4023-a7f0-a25d76d518cd
gabosancast,06177127-f492-4bbd-927a-60d9850ca97f
nolz_mc,3d79373d-5bcc-4f5c-8347-7486c0205272
lounged,d371589f-8504-42b3-8719-2d7a21d8869f
omkayy,88b11679-b1a0-4330-b274-05d7c63f27ec
xjanethekillax,084f6410-e10c-48ae-b1a8-4edca298bf0c
ethan_stealth,41b08a2b-db55-4538-842b-85b85dcc74e1
swollenninja,8404a44c-f4a8-469b-8d48-6860325c2327
discunbah,58f5b344-1892-41c3-b65a-c3d63f7bdec4
hidace,f765392f-d3b1-4a51-bbe2-d01502f46d9d
abskrum,9fe539c5-9c3a-4a87-bab0-c7c4cc0e33a4
caelon,5d45e15f-264a-4e2b-b36b-c10d6c00a258
minemaarten,b7cf56f9-e820-45aa-b662-c43a2c88af71
namoiram70,86b496ea-0bd8-4158-b52e-4ae28c6b30b8
47w,15c9bdb2-67c5-4753-97e5-be5bbbbbf35f
segnam,982a92c1-4690-4497-b6a0-4dc251cfba68
vxrgin_,ea8fa8a2-065e-4130-9d28-8a4844631725
zombiereaper308,a33432de-6a17-4827-93f7-32153a432f01
thooomaaaas,55134ce8-4539-49a8-b7ba-e07722a86192
elitescratch,6f3f680a-975d-450a-9651-9dca73fec6a6
spudgamer168,7ae6bba7-1d43-4bb4-81c4-970965996227
tophamslam,ec7c4b67-b6a4-42ce-932a-a84e1a1ccfca
reaperzjr,c6a0a6ef-caa1-4f62-a647-3e7aa5b34c59
legendarydavid12,50da2c34-9c14-46b5-82c0-302e915b84b4
daddb0t,d9540fe4-17dd-433a-a3a8-677df47e047d
darkthon_44,24a8d6a2-08af-4377-8c26-532681489e82
inventical,692b3463-85da-4513-8539-232d4d3c15a0
irishphantom,3611c00a-7613-471c-a1f9-d9280f40b2ac
biggus1999,c663f59b-5202-4e88-8cbc-ead1fd1c108b
ngm007,78a44912-a8f5-42eb-bc33-656b09b1a943
stw_myth,d2bd125f-ed0d-406e-a18e-37d7053db624
kamikaz333,dd62f637-2d8e-41b0-8d40-99d72752581d
icemancmv11,82075c39-dd70-4d2c-9a2d-a19689523549
comparible,3b507f8e-bf6a-4c91-88ae-623c66bde56a
pandawizzard,98311299-30b7-4903-b4d5-3be2371b058d
ufios,cab0e41c-1c38-4272-ba4c-28e66e34a7b4
ev1lm1nnow,b668bf0f-ca47-4d3d-b154-b48056766060
flash1213,5ed87699-cfc6-42c7-a089-0c426e10063b
grimgory,fba3de25-ac2f-49d4-9dd9-1515056a2fd4
unsalt,092ab8e6-6743-4a1a-a87e-0ba9cb01f58c
guptill1122,f1a39580-46ca-4f19-8ff2-c0cc05c961f1
makeemhack,5ffab4fc-f482-4c36-b5e7-cd04265732e2
dragon123pokemon,c0eac2c1-30b0-4f8a-9747-599cfac55328
imallex,748eb7a2-8d45-4249-98b8-487e07c11d6a
emsbrodie,a55e27ee-48f3-4237-aae0-b82723d6e893
brbs,8f2874c8-71fa-4d21-8f6b-b168fed86a52
flame4206,390656ce-b711-4a58-89a1-7e43cc17bef1
toadmaniac10,c6ddf8e1-d0cd-4a1e-942b-fb7556ed7dc7
azift,8283ee29-162f-45f6-9509-6399934e9637
i_am_dreamz,9a3526e5-81c5-4d66-a858-e95edd85ff83
fergs94,55a1c40b-6474-4a55-9e44-b8c0d639013a
swiftaudacity,df3378cf-bda3-47fc-9382-dafae82c46fa
o0katherine0o,97b1870d-75f8-4101-8067-75537f3ff009
piggyrusso123,c669135f-1def-445a-85a6-8b8f8ea43077
bookclub,b89477d9-944c-45b8-a0ec-5403a6995d23
centurion13,f093c1f3-0977-4945-86ce-5971c01aa4fb
idroppin,b69a4df7-cb09-4347-8467-ce4ba2460b40
tuck,0443db37-8575-42d1-bb13-64c7743e207f
elijahbrooks06,00ee7869-4787-40a5-b005-c3e1f1479e9a
ignisowl,712d0a8b-f375-4683-a7a4-0adb8cc568a1
mrmrsmiss,5296068d-6263-4d3f-8172-701237beb8ac
mijosterio2,58d7d130-71d3-4774-964e-69cfca72514e
nigeriannapalm,ddcbdde2-b3ae-4f1c-a24e-589d4b44933b
ravioliformuoli,deeeca50-34b2-45a4-b1d8-88c321478b74
aztarothbal,b7b2f9cf-c59b-4651-a842-1af9535e4799
craftyguy88,c0c85670-d858-452e-9016-522eb4e498e7
mercuryanka,b540fe62-d6e2-4d5a-b690-75dd305f4067
ultpumpkinpie,65f0ed33-8df4-4798-a95a-6d07e70eef51
isaac44444,c2da8884-e744-41c4-b937-fb89f9b40e41
connther,0da4ede5-542f-4b94-a780-3ef6dfc46e1c
flapppie,7202fe56-1bb8-476b-883d-be5ff74b0a8f
jstutz31,33b4c94e-b745-4132-9df1-add467919a77
addman1,2706065d-6b53-445d-8c79-98c7ce1d760f
doden2005,8e65c413-34b1-42ff-915f-b8165a682c61
ibluetoxic,836378bf-acd2-4db6-a2db-7db5f12ea9d6
tre_,75688053-3e28-4b09-bd93-db47bf3d5793
_boes_,4068a939-e773-4cc0-bf85-349a5799a9dd
ludvigki1,772a22f9-1b6e-4017-b771-2354621940ad
salutation_army,c4198d15-065d-4cc8-843d-919c70e77614
huechi,086b37a6-3912-4c72-905b-295828b56a84
blasterdark12310,051eba79-d71d-446d-bcea-ae7502b3bc07
4n4,dbbae5af-7c7b-444f-ba7d-7c52cbc3868e
8ln,0b7f1022-ce83-4564-aef9-df3ab23eb444
oatmealman420,696fa672-0d2e-4bae-9d1d-e23919629317
alphachop,5505fcd1-6217-4d21-80cb-8ef9e899f998
tm18807,0123959c-82d9-4dec-843e-d5830e0c62a2
izzyryan93,8f941271-486b-4691-9aac-1379b23dca1b
leepvpzhd,aa77d25b-4abf-4466-bf09-6491e1dc042d
posibility,e3359201-053b-47bb-9bf6-b9b9dc043a61
slenderdog,0b69b5b1-af1f-407e-bc08-3299c0b806b9
xkevinx,e53254b4-b337-4aae-8672-bf06df1f178f
__ssundee,1cb4a883-1274-41a4-a9fd-3dcaaa0e01e3
monkey38567,c3605fe7-d814-408a-9cc2-4e4ff5137456
draglann,3b798228-6972-49b7-9cc0-5f357e965814
iq_101,bd4b67dc-dd3a-406d-a05c-84c64ecb3040
deathreapery,612da87d-4a8c-4af3-aa71-165dc1a00e43
extraasavage,d2bd125f-ed0d-406e-a18e-37d7053db624
llghts,e47f025a-e4b1-4159-8a44-0e0eb68e16c7
psjcooke,921c4f6b-17f9-4ef3-8202-924dbf02cfe9
psyscicyclic,8f97de8c-7de2-42a2-bfaf-3bc18890ba67
frostbiteplayz,9e57c72b-1d95-44ef-8039-c74fe2950d75
koalapvpau,13205196-e493-4bae-b542-e96232741d23
wikuswollie,08d9b6ae-c134-4867-9e7a-22ab51d84f18
jujuthered,460a5a2d-340e-40ff-8dd1-4664831a4047
oelz,754d45cd-41e6-409b-93a3-ce6ca981c31f
xnxlevixnx,5f677157-6638-49ef-a344-38a0b7ef281a
fallbackhydra27,e2cd42ef-ee7c-4228-b513-6a59de6d8961
mysticdelta,f10f4464-9ab3-45b0-b17d-b6e5540fb7a0
tlbtts,fa332634-2714-49d3-8b5f-3879dc684d09
thiccsnaccs,36b1d6d1-dde6-4879-8423-fff94d4cc410
kortezz,fc0da7be-486f-436f-8e2c-1887262d4b0a
av_14,7f9a3860-bb72-4230-9aee-6406b954bc34
firebrethyboi,73d6fd42-5ba1-42cb-9ed7-ac5241ec0f06
galacticempire72,43fae9e8-1abd-4d7e-be17-fa83ac7285e7
hdlennox,a461f985-c054-49eb-a251-be580a8265fa
techboltyt,b8a9de8a-fe19-483e-85cd-5bbdde542c31
havokgaming99,69e67f42-f759-4997-a9b1-bb74c84f2a46
i_r_c,96170c79-fc96-490d-8046-1438c73376b2
redshieldguy,473657f5-8830-43cc-98b4-e0d9d90d4a5b
barron18,841e3809-1a7e-461c-aa38-8e295ebf2d31
golicraft,70cc1e3a-403b-42f3-aaf8-e235ef129cbb
rocketpie721,694565c1-1aca-4a47-8679-6acbc4f975eb
ultraa,80769665-36a4-492f-abce-8d875ee07483
ssm227hdm,ff2a79ef-0a2e-41f1-8fbc-a46aa7c21dcd
jamiesklrrt,e44536ef-9e99-4a74-8c00-da52e11a0845
mccreative1,ddc8f931-4f16-43fa-a9d4-c4940319b38a
